State,Population,Violent crime total,Murder and nonnegligent Manslaughter,Legacy rape /1,Revised rape /2,Robbery,Aggravated assault,Property crime total,Burglary,Larceny-theft,Motor vehicle theft,Violent Crime rate,Murder and nonnegligent manslaughter rate,Legacy rape rate /1,Revised rape rate /2,Robbery rate,Aggravated assault rate,Property crime rate,Burglary rate,Larceny-theft rate,Motor vehicle theft rate,Year
Alabama,3266740,6097,406,281,,898,4512,33823,11626,19344,2853,186.6,12.4,8.6,,27.5,138.1,1035.4,355.9,592.1,87.3,1960
Alaska,226167,236,23,47,,64,102,3494,751,2195,548,104.3,10.2,20.8,,28.3,45.1,1544.9,332.1,970.5,242.3,1960
Arizona,1302161,2704,78,209,,706,1711,36539,8926,23207,4406,207.7,6,16.1,,54.2,131.4,2806,685.5,1782.2,338.4,1960
Arkansas,1786272,1924,152,159,,443,1170,16548,5399,10250,899,107.7,8.5,8.9,,24.8,65.5,926.4,302.2,573.8,50.3,1960
California,15717204,37558,616,2859,,15287,18796,508511,143102,311956,53453,239,3.9,18.2,,97.3,119.6,3235.4,910.5,1984.8,340.1,1960
Colorado,1753947,2408,73,229,,1362,744,35695,9996,21949,3750,137.3,4.2,13.1,,77.7,42.4,2035.1,569.9,1251.4,213.8,1960
Connecticut,2535234,928,41,103,,236,548,28393,8452,16653,3288,36.6,1.6,4.1,,9.3,21.6,1119.9,333.4,656.9,129.7,1960
Delaware,446292,375,33,41,,157,144,9267,2661,5867,739,84,7.4,9.2,,35.2,32.3,2076.4,596.2,1314.6,165.6,1960
District of Columbia,763956,4230,81,111,,1072,2966,16495,4587,9905,2003,553.7,10.6,14.5,,140.3,388.2,2159.2,600.4,1296.5,262.2,1960
Florida,4951560,11061,527,403,,4005,6126,122858,39966,73603,9289,223.4,10.6,8.1,,80.9,123.7,2481.2,807.1,1486.5,187.6,1960
Georgia,3943116,6262,469,294,,974,4525,49253,15461,27979,5813,158.8,11.9,7.5,,24.7,114.8,1249.1,392.1,709.6,147.4,1960
Hawaii,632772,138,15,21,,69,33,14405,3328,9369,1708,21.8,2.4,3.3,,10.9,5.2,2276.5,525.9,1480.6,269.9,1960
Idaho,667191,255,16,48,,92,99,11561,2011,8883,667,38.2,2.4,7.2,,13.8,14.8,1732.8,301.4,1331.4,100,1960
Illinois,10081158,36802,489,1773,,21048,13492,199283,58241,105423,35619,365.1,4.9,17.6,,208.8,133.8,1976.8,577.7,1045.7,353.3,1960
Indiana,4662498,3945,204,240,,1609,1892,68496,21486,39196,7814,84.6,4.4,5.1,,34.5,40.6,1469.1,460.8,840.7,167.6,1960
Iowa,2757537,656,17,102,,301,236,30335,6375,21865,2095,23.8,0.6,3.7,,10.9,8.6,1100.1,231.2,792.9,76,1960
Kansas,2178611,1272,64,109,,410,689,29120,7705,19515,1900,58.4,2.9,5,,18.8,31.6,1336.6,353.7,895.8,87.2,1960
Kentucky,3038156,2957,205,163,,1001,1588,33887,11274,18831,3782,97.3,6.7,5.4,,32.9,52.3,1115.4,371.1,619.8,124.5,1960
Louisiana,3257022,4990,270,279,,1484,2957,43709,12615,24893,6201,153.2,8.3,8.6,,45.6,90.8,1342,387.3,764.3,190.4,1960
Maine,969265,289,16,48,,77,148,11228,2702,7334,1192,29.8,1.7,5,,7.9,15.3,1158.4,278.8,756.7,123,1960
Maryland,3100689,4691,168,224,,1158,3141,47092,11360,30024,5708,151.3,5.4,7.2,,37.3,101.3,1518.8,366.4,968.3,184.1,1960
Massachusetts,5148578,2512,74,249,,1052,1137,60255,15918,33469,10868,48.8,1.4,4.8,,20.4,22.1,1170.3,309.2,650.1,211.1,1960
Michigan,7823194,17034,353,1135,,7330,8216,191001,56724,120237,14040,217.7,4.5,14.5,,93.7,105,2441.5,725.1,1536.9,179.5,1960
Minnesota,3413864,1435,42,81,,950,362,48614,12645,31303,4666,42,1.2,2.4,,27.8,10.6,1424,370.4,916.9,136.7,1960
Mississippi,2178141,2236,218,112,,324,1582,13113,4459,7603,1051,102.7,10,5.1,,14.9,72.6,602,204.7,349.1,48.3,1960
Missouri,4319813,7468,189,627,,3913,2739,77743,25712,44049,7982,172.9,4.4,14.5,,90.6,63.4,1799.7,595.2,1019.7,184.8,1960
Montana,674767,453,26,48,,186,193,13397,2675,9079,1643,67.1,3.9,7.1,,27.6,28.6,1985.4,396.4,1345.5,243.5,1960
Nebraska,1411330,590,33,59,,253,245,16623,3267,11586,1770,41.8,2.3,4.2,,17.9,17.4,1177.8,231.5,820.9,125.4,1960
Nevada,285278,416,25,36,,211,144,9399,2606,5675,1118,145.8,8.8,12.6,,74,50.5,3294.7,913.5,1989.3,391.9,1960
New Hampshire,606921,81,8,25,,18,30,4105,1108,2646,351,13.3,1.3,4.1,,3,4.9,676.4,182.6,436,57.8,1960
New Jersey,6066782,6932,164,442,,2591,3735,83509,25698,45903,11908,114.3,2.7,7.3,,42.7,61.6,1376.5,423.6,756.6,196.3,1960
New Mexico,951023,1360,70,117,,376,797,21337,4331,14501,2505,143,7.4,12.3,,39.5,83.8,2243.6,455.4,1524.8,263.4,1960
North Carolina,4556155,10182,482,355,,825,8520,43556,12730,26865,3961,223.5,10.6,7.8,,18.1,187,956,279.4,589.6,86.9,1960
North Dakota,632446,90,3,14,,40,33,5545,1252,3863,430,14.2,0.5,2.2,,6.3,5.2,876.8,198,610.8,68,1960
Ohio,9706397,8120,311,572,,3890,3347,143187,37260,92858,13069,83.7,3.2,5.9,,40.1,34.5,1475.2,383.9,956.7,134.6,1960
Oklahoma,2328284,2258,174,299,,929,856,44665,12834,27270,4561,97,7.5,12.8,,39.9,36.8,1918.4,551.2,1171.2,195.9,1960
Oregon,1768687,1232,43,166,,563,460,33738,7175,24252,2311,69.7,2.4,9.4,,31.8,26,1907.5,405.7,1371.2,130.7,1960
Pennsylvania,11319366,11203,296,995,,3840,6072,107586,33709,60023,13854,99,2.6,8.8,,33.9,53.6,950.5,297.8,530.3,122.4,1960
Rhode Island,859488,316,9,20,,122,165,17496,4388,10455,2653,36.8,1,2.3,,14.2,19.2,2035.6,510.5,1216.4,308.7,1960
South Carolina,2382594,3424,314,236,,478,2396,32319,10081,19636,2602,143.7,13.2,9.9,,20.1,100.6,1356.5,423.1,824.1,109.2,1960
South Dakota,680514,282,14,37,,62,169,7639,1687,5363,589,41.4,2.1,5.4,,9.1,24.8,1122.5,247.9,788.1,86.6,1960
Tennessee,3567089,3250,302,194,,961,1793,41000,16505,20162,4333,91.1,8.5,5.4,,26.9,50.3,1149.4,462.7,565.2,121.5,1960
Texas,9579677,15428,824,892,,3031,10681,196979,57589,123415,15975,161,8.6,9.3,,31.6,111.5,2056.2,601.2,1288.3,166.8,1960
Utah,890627,484,9,61,,185,229,22150,3655,17081,1414,54.3,1,6.8,,20.8,25.7,2487,410.4,1917.9,158.8,1960
Vermont,389881,37,1,9,,9,18,3181,944,1898,339,9.5,0.3,2.3,,2.3,4.6,815.9,242.1,486.8,86.9,1960
Virginia,3966949,7286,487,319,,1042,5438,58282,15594,37660,5028,183.7,12.3,8,,26.3,137.1,1469.2,393.1,949.3,126.7,1960
Washington,2853214,1616,61,166,,886,503,62072,13908,43657,4507,56.6,2.1,5.8,,31.1,17.6,2175.5,487.5,1530.1,158,1960
West Virginia,1860421,1200,81,78,,238,803,12208,4358,6558,1292,64.5,4.4,4.2,,12.8,43.2,656.2,234.2,352.5,69.4,1960
Wisconsin,3951777,1261,50,109,,327,775,44009,7847,32035,4127,31.9,1.3,2.8,,8.3,19.6,1113.7,198.6,810.6,104.4,1960
Wyoming,330066,362,16,23,,176,147,5989,990,4620,379,109.7,4.8,7,,53.3,44.5,1814.5,299.9,1399.7,114.8,1960
Alabama,3444165,10185,404,637,,1731,7413,75214,26739,40779,7696,295.7,11.7,18.5,,50.3,215.2,2183.8,776.4,1184,223.5,1970
Alaska,302173,840,37,79,,217,507,10648,2387,6595,1666,278,12.2,26.1,,71.8,167.8,3523.8,789.9,2182.5,551.3,1970
Arizona,1772482,6564,168,478,,2130,3788,98265,26464,62918,8883,370.3,9.5,27,,120.2,213.7,5543.9,1493,3549.7,501.2,1970
Arkansas,1923295,4276,195,328,,877,2876,42290,14606,25388,2296,222.3,10.1,17.1,,45.6,149.5,2198.8,759.4,1320,119.4,1970
California,19953134,94741,1376,7005,,41277,45083,1170113,349788,682811,137514,474.8,6.9,35.1,,206.9,225.9,5864.3,1753,3422.1,689.2,1970
Colorado,2207259,7874,137,795,,2849,4093,109512,30481,66043,12988,356.7,6.2,36,,129.1,185.4,4961.4,1380.9,2992.1,588.4,1970
Connecticut,3032217,5167,106,276,,2136,2649,100640,32874,53084,14682,170.4,3.5,9.1,,70.4,87.4,3319,1084.2,1750.7,484.2,1970
Delaware,548104,1795,42,102,,578,1073,21571,5789,12718,3064,327.5,7.7,18.6,,105.5,195.8,3935.6,1056.2,2320.4,559,1970
District of Columbia,756510,16846,221,720,,11816,4089,65488,21740,32638,11110,2226.8,29.2,95.2,,1561.9,540.5,8656.6,2873.7,4314.3,1468.6,1970
Florida,6789443,33824,860,1509,,12636,18819,327182,106036,194216,26930,498.2,12.7,22.2,,186.1,277.2,4819,1561.8,2860.6,396.6,1970
Georgia,4589575,13976,702,740,,4395,8139,118277,41301,62812,14164,304.5,15.3,16.1,,95.8,177.3,2577.1,899.9,1368.6,308.6,1970
Hawaii,769913,938,28,91,,487,332,39599,11211,23914,4474,121.8,3.6,11.8,,63.3,43.1,5143.3,1456.1,3106.1,581.1,1970
Idaho,713008,879,33,88,,146,612,21615,4803,15784,1028,123.3,4.6,12.3,,20.5,85.8,3031.5,673.6,2213.7,144.2,1970
Illinois,11113976,52006,1066,2270,,27908,20762,368055,85067,225437,57551,467.9,9.6,20.4,,251.1,186.8,3311.6,765.4,2028.4,517.8,1970
Indiana,5193669,12184,253,1031,,5729,5171,168811,48084,97338,23389,234.6,4.9,19.9,,110.3,99.6,3250.3,925.8,1874.2,450.3,1970
Iowa,2825041,2241,54,175,,804,1208,68529,14331,49253,4945,79.3,1.9,6.2,,28.5,42.8,2425.8,507.3,1743.4,175,1970
Kansas,2249071,4561,107,325,,1689,2440,77385,19829,51784,5772,202.8,4.8,14.5,,75.1,108.5,3440.8,881.7,2302.5,256.6,1970
Kentucky,3219311,7157,357,441,,2344,4015,72814,22662,39002,11150,222.3,11.1,13.7,,72.8,124.7,2261.8,703.9,1211.5,346.3,1970
Louisiana,3643180,15063,426,841,,5131,8665,105742,32426,59300,14016,413.5,11.7,23.1,,140.8,237.8,2902.5,890,1627.7,384.7,1970
Maine,993663,887,15,70,,125,677,19582,6345,11721,1516,89.3,1.5,7,,12.6,68.1,1970.7,638.5,1179.6,152.6,1970
Maryland,3922399,24512,362,936,,13280,9934,157528,41234,94816,21478,624.9,9.2,23.9,,338.6,253.3,4016.1,1051.2,2417.3,547.6,1970
Massachusetts,5689170,11542,197,684,,5658,5003,201592,64523,87114,49955,202.9,3.5,12,,99.5,87.9,3543.4,1134.1,1531.2,878.1,1970
Michigan,8875083,51090,831,2402,,30758,17099,437700,139398,257118,41184,575.7,9.4,27.1,,346.6,192.7,4931.8,1570.7,2897.1,464,1970
Minnesota,3805069,5782,75,369,,3389,1949,116014,30507,72354,13153,152,2,9.7,,89.1,51.2,3048.9,801.7,1901.5,345.7,1970
Mississippi,2216912,3974,255,198,,421,3100,24898,7785,15376,1737,179.3,11.5,8.9,,19,139.8,1123.1,351.2,693.6,78.4,1970
Missouri,4677399,18986,499,1283,,9393,7811,175344,53184,97004,25156,405.9,10.7,27.4,,200.8,167,3748.8,1137,2073.9,537.8,1970
Montana,694409,774,22,73,,155,524,19245,4123,13582,1540,111.5,3.2,10.5,,22.3,75.5,2771.4,593.7,1955.9,221.8,1970
Nebraska,1483791,2731,44,138,,850,1699,35149,7486,23332,4331,184.1,3,9.3,,57.3,114.5,2368.9,504.5,1572.5,291.9,1970
Nevada,488738,1948,43,96,,921,888,26222,8116,14877,3229,398.6,8.8,19.6,,188.4,181.7,5365.2,1660.6,3044,660.7,1970
New Hampshire,737681,413,15,44,,89,265,12291,4172,6850,1269,56,2,6,,12.1,35.9,1666.2,565.6,928.6,172,1970
New Jersey,7168164,20583,412,927,,12145,7099,235704,74649,121098,39957,287.1,5.7,12.9,,169.4,99,3288.2,1041.4,1689.4,557.4,1970
New Mexico,1016000,3093,98,227,,687,2081,41977,12156,25729,4092,304.4,9.6,22.3,,67.6,204.8,4131.6,1196.5,2532.4,402.8,1970
New York,18190740,124613,1444,2875,,81149,39145,779701,267474,386553,125674,685,7.9,15.8,,446.1,215.2,4286.3,1470.4,2125,690.9,1970
North Carolina,5082059,18814,597,658,,2660,14899,115488,38918,68042,8528,370.2,11.7,12.9,,52.3,293.2,2272.5,765.8,1338.9,167.8,1970
North Dakota,617761,211,3,38,,40,130,10331,1769,8000,562,34.2,0.5,6.2,,6.5,21,1672.3,286.4,1295,91,1970
Ohio,10652017,30279,699,1700,,15539,12341,350465,90953,207024,52488,284.3,6.6,16,,145.9,115.9,3290.1,853.9,1943.5,492.8,1970
Oklahoma,2559253,5194,151,400,,1400,3243,71004,21381,42474,7149,202.9,5.9,15.6,,54.7,126.7,2774.4,835.4,1659.6,279.3,1970
Oregon,2091385,5373,97,377,,2144,2755,92675,26632,59082,6961,256.9,4.6,18,,102.5,131.7,4431.3,1273.4,2825,332.8,1970
Pennsylvania,11793909,25970,637,1408,,12810,11115,231825,70730,120380,40715,220.2,5.4,11.9,,108.6,94.2,1965.6,599.7,1020.7,345.2,1970
Rhode Island,949723,1944,30,34,,744,1136,38598,9677,20763,8158,204.7,3.2,3.6,,78.3,119.6,4064.1,1018.9,2186.2,859,1970
South Carolina,2590516,7412,377,467,,1557,5011,71808,26407,38740,6661,286.1,14.6,18,,60.1,193.4,2772,1019.4,1495.5,257.1,1970
South Dakota,666257,616,25,74,,114,403,13066,3140,9302,624,92.5,3.8,11.1,,17.1,60.5,1961.1,471.3,1396.2,93.7,1970
Tennessee,3924164,10787,346,607,,3218,6616,83220,31656,40211,11353,274.9,8.8,15.5,,82,168.6,2120.7,806.7,1024.7,289.3,1970
Texas,11196000,40897,1299,2329,,15280,21989,426351,129866,251091,45394,365.3,11.6,20.8,,136.5,196.4,3808.1,1159.9,2242.7,405.4,1970
Utah,1059273,1459,36,115,,563,745,43048,9692,30006,3350,137.7,3.4,10.9,,53.1,70.3,4063.9,915,2832.7,316.3,1970
Vermont,444732,329,6,46,,34,243,8108,3249,4308,551,74,1.3,10.3,,7.6,54.6,1823.1,730.6,968.7,123.9,1970
Virginia,4648494,14040,483,796,,4437,8324,156346,42514,99239,14593,302,10.4,17.1,,95.5,179.1,3363.4,914.6,2134.9,313.9,1970
Washington,3409169,7546,120,613,,3189,3624,158858,49244,97279,12335,221.3,3.5,18,,93.5,106.3,4659.7,1444.5,2853.5,361.8,1970
West Virginia,1744237,2158,109,116,,476,1457,21886,6777,13497,1612,123.7,6.2,6.7,,27.3,83.5,1254.8,388.5,773.8,92.4,1970
Wisconsin,4417933,3792,88,296,,1462,1946,115584,23792,82178,9614,85.8,2,6.7,,33.1,44,2616.2,538.5,1860.1,217.6,1970
Wyoming,332416,376,19,41,,73,243,9504,2147,6810,547,113.1,5.7,12.3,,22,73.1,2859.1,645.9,2048.6,164.6,1970
Alabama,3861466,17320,509,1158,,5102,10551,173191,58952,102029,12210,448.5,13.2,30,,132.1,273.2,4485.1,1526.7,2642.2,316.2,1980
Alaska,440142,1919,39,250,,360,1270,22930,5545,14916,2469,436,8.9,56.8,,81.8,288.5,5209.7,1259.8,3388.9,561,1980
Arizona,2715357,17673,279,1227,,5258,10909,204193,58527,132814,12852,650.9,10.3,45.2,,193.6,401.8,7519.9,2155.4,4891.2,473.3,1980
Arkansas,2284037,7656,210,609,,1848,4989,79390,25559,49558,4273,335.2,9.2,26.7,,80.9,218.4,3475.9,1119,2169.8,187.1,1980
California,23532680,210290,3411,13693,,90420,102766,1633042,545138,913070,174834,893.6,14.5,58.2,,384.2,436.7,6939.5,2316.5,3880,742.9,1980
Colorado,2878407,15215,198,1510,,4608,8899,195872,58455,124514,12903,528.6,6.9,52.5,,160.1,309.2,6804.9,2030.8,4325.8,448.3,1980
Connecticut,3095224,12768,146,670,,6749,5203,169283,52638,95631,21014,412.5,4.7,21.6,,218,168.1,5469.2,1700.6,3089.6,678.9,1980
Delaware,594779,2824,41,144,,815,1824,37482,9698,25077,2707,474.8,6.9,24.2,,137,306.7,6301.8,1630.5,4216.2,455.1,1980
District of Columbia,635233,12772,200,439,,8897,3236,50896,16260,31068,3568,2010.6,31.5,69.1,,1400.6,509.4,8012.2,2559.7,4890.8,561.7,1980
Florida,9567112,94095,1387,5439,,34015,53254,709730,239825,424223,45682,983.5,14.5,56.9,,355.5,556.6,7418.4,2506.8,4434.2,477.5,1980
Georgia,5400851,29993,743,2391,,10670,16189,272652,91773,160764,20115,555.3,13.8,44.3,,197.6,299.7,5048.3,1699.2,2976.6,372.4,1980
Hawaii,964680,2889,84,335,,1835,635,69291,17822,45564,5905,299.5,8.7,34.7,,190.2,65.8,7182.8,1847.5,4723.2,612.1,1980
Idaho,943629,2957,29,211,,442,2275,42169,11691,28243,2235,313.4,3.1,22.4,,46.8,241.1,4468.8,1238.9,2993,236.9,1980
Illinois,11355062,91753,1205,3950,,41675,44923,620107,177099,369319,73689,808,10.6,34.8,,367,395.6,5461.1,1559.6,3252.5,649,1980
Indiana,5461103,20633,485,1808,,7720,10620,248619,71720,153297,23602,377.8,8.9,33.1,,141.4,194.5,4552.5,1313.3,2807.1,432.2,1980
Iowa,2907804,5826,63,416,,1596,3751,132200,31390,93605,7205,200.4,2.2,14.3,,54.9,129,4546.4,1079.5,3219.1,247.8,1980
Kansas,2354783,9168,163,742,,2664,5599,117492,35826,75268,6398,389.3,6.9,31.5,,113.1,237.8,4989.5,1521.4,3196.4,271.7,1980
Kentucky,3641479,9711,321,698,,3468,5224,115328,37901,68296,9131,266.7,8.8,19.2,,95.2,143.5,3167.1,1040.8,1875.5,250.7,1980
Louisiana,4199542,27926,661,1867,,8271,17127,201106,63997,121298,15811,665,15.7,44.5,,197,407.8,4788.8,1523.9,2888.4,376.5,1980
Maine,1123670,2173,32,145,,346,1650,46904,13291,31151,2462,193.4,2.8,12.9,,30.8,146.8,4174.2,1182.8,2772.3,219.1,1980
Maryland,4192211,35735,399,1681,,16461,17194,242214,71183,152144,18887,852.4,9.5,40.1,,392.7,410.1,5777.7,1698,3629.2,450.5,1980
Massachusetts,5728288,34444,232,1562,,13492,19158,313787,99697,153849,60241,601.3,4.1,27.3,,235.5,334.4,5477.8,1740.4,2685.8,1051.6,1980
Michigan,9228128,59014,940,4304,,22519,31251,557051,160688,342384,53979,639.5,10.2,46.6,,244,338.6,6036.4,1741.3,3710.2,584.9,1980
Minnesota,4061235,9250,106,942,,4025,4177,185668,50602,123050,12016,227.8,2.6,23.2,,99.1,102.9,4571.7,1246,3029.9,295.9,1980
Mississippi,2511491,8588,365,619,,2035,5569,77234,29612,43142,4480,341.9,14.5,24.6,,81,221.7,3075.2,1179.1,1717.8,178.4,1980
Missouri,4901288,27177,544,1600,,10958,14075,239115,81798,136998,20319,554.5,11.1,32.6,,223.6,287.2,4878.6,1668.9,2795.1,414.6,1980
Montana,781592,1740,31,164,,266,1279,37531,7430,27587,2514,222.6,4,21,,34,163.6,4801.9,950.6,3529.6,321.7,1980
Nebraska,1563921,3512,69,363,,1286,1794,63818,14316,45692,3810,224.6,4.4,23.2,,82.2,114.7,4080.6,915.4,2921.6,243.6,1980
Nevada,800312,7304,160,538,,3686,2920,63556,23263,34864,5429,912.6,20,67.2,,460.6,364.9,7941.4,2906.7,4356.3,678.4,1980
New Hampshire,919114,1653,23,159,,386,1085,41358,12067,26443,2848,179.8,2.5,17.3,,42,118,4499.8,1312.9,2877,309.9,1980
New Jersey,7342164,44373,504,2257,,22299,19313,425623,137900,234160,53563,604.4,6.9,30.7,,303.7,263,5797,1878.2,3189.3,729.5,1980
New Mexico,1295474,7967,170,561,,1657,5579,69490,19335,45613,4542,615,13.1,43.3,,127.9,430.7,5364.1,1492.5,3521,350.6,1980
New York,17506690,180235,2228,5405,,112273,60329,1029749,360925,535783,133041,1029.5,12.7,30.9,,641.3,344.6,5882,2061.6,3060.4,759.9,1980
North Carolina,5843665,26589,619,1324,,4810,19836,244585,83150,148804,12631,455,10.6,22.7,,82.3,339.4,4185.5,1422.9,2546.4,216.1,1980
North Dakota,652437,352,8,62,,50,232,18984,3186,14629,1169,54,1.2,9.5,,7.7,35.6,2909.7,488.3,2242.2,179.2,1980
Ohio,10766808,53646,871,3696,,24082,24997,531141,157874,327322,45945,498.3,8.1,34.3,,223.7,232.2,4933.1,1466.3,3040.1,426.7,1980
Oklahoma,3001252,12589,299,1088,,3147,8055,139061,50802,75649,12610,419.5,10,36.3,,104.9,268.4,4633.4,1692.7,2520.6,420.2,1980
Oregon,2610477,12802,132,1084,,3978,7608,161759,45641,106712,9406,490.4,5.1,41.5,,152.4,291.4,6196.5,1748.4,4087.8,360.3,1980
Pennsylvania,11824220,43032,809,2722,,21039,18462,398761,122800,226496,49465,363.9,6.8,23,,177.9,156.1,3372.4,1038.5,1915.5,418.3,1980
Rhode Island,945835,3864,42,162,,1122,2538,52249,16233,28037,7979,408.5,4.4,17.1,,118.6,268.3,5524.1,1716.3,2964.3,843.6,1980
South Carolina,3064557,20225,348,1148,,3620,15109,146461,51177,85905,9379,660,11.4,37.5,,118.1,493,4779.2,1670,2803.2,306,1980
South Dakota,688217,873,5,86,,138,644,21447,4766,15521,1160,126.8,0.7,12.5,,20.1,93.6,3116.3,692.5,2255.2,168.6,1980
Tennessee,4545590,20824,489,1700,,8208,10427,183632,68251,98876,16505,458.1,10.8,37.4,,180.6,229.4,4039.8,1501.5,2175.2,363.1,1980
Texas,14169829,77978,2392,6700,,29547,39339,792480,262600,450792,79088,550.3,16.9,47.3,,208.5,277.6,5592.7,1853.2,3181.4,558.1,1980
Utah,1458729,4425,55,404,,1170,2796,81357,19283,57354,4720,303.3,3.8,27.7,,80.2,191.7,5577.3,1321.9,3931.8,323.6,1980
Vermont,511299,914,11,149,,199,555,24592,7806,15278,1508,178.8,2.2,29.1,,38.9,108.5,4809.7,1526.7,2988.1,294.9,1980
Virginia,5323412,16355,459,1458,,6392,8046,229587,64020,153437,12130,307.2,8.6,27.4,,120.1,151.1,4312.8,1202.6,2882.3,227.9,1980
Washington,4113331,19098,225,2169,,5558,11146,265338,76598,172468,16272,464.3,5.5,52.7,,135.1,271,6450.7,1862.2,4192.9,395.6,1980
West Virginia,1930787,3547,138,306,,936,2167,45719,14258,27606,3855,183.7,7.1,15.8,,48.5,112.2,2367.9,738.5,1429.8,199.7,1980
Wisconsin,4680917,8546,136,697,,3310,4403,216073,50524,154070,11479,182.6,2.9,14.9,,70.7,94.1,4616,1079.4,3291.4,245.2,1980
Wyoming,468954,1841,29,134,,208,1470,21543,4238,15686,1619,392.6,6.2,28.6,,44.4,313.5,4593.8,903.7,3344.9,345.2,1980
Alabama,4040587,28630,467,1319,,5805,21039,169974,44585,111336,14053,708.6,11.6,32.6,,143.7,520.7,4206.7,1103.4,2755.4,347.8,1990
Alaska,550043,2885,41,401,,422,2021,25457,4919,17428,3110,524.5,7.5,72.9,,76.7,367.4,4628.2,894.3,3168.5,565.4,1990
Arizona,3665228,23911,284,1500,,5897,16230,265229,61206,172375,31648,652.4,7.7,40.9,,160.9,442.8,7236.4,1669.9,4703,863.5,1990
Arkansas,2350725,12511,241,1019,,2661,8590,101897,28464,66630,6803,532.2,10.3,43.3,,113.2,365.4,4334.7,1210.9,2834.4,289.4,1990
California,29760021,311051,3553,12688,,112208,182602,1654186,400392,951580,302214,1045.2,11.9,42.6,,377,613.6,5558.4,1345.4,3197.5,1015.5,1990
Colorado,3294394,17328,138,1521,,2985,12684,182106,39822,128172,14112,526,4.2,46.2,,90.6,385,5527.8,1208.8,3890.6,428.4,1990
Connecticut,3287116,18201,166,918,,7717,9400,158867,40355,94485,24027,553.7,5.1,27.9,,234.8,286,4833,1227.7,2874.4,730.9,1990
Delaware,666168,4365,33,587,,1098,2647,31344,6465,21922,2957,655.2,5,88.1,,164.8,397.3,4705.1,970.5,3290.8,443.9,1990
District of Columbia,606900,14919,472,303,,7365,6779,50470,12035,30326,8109,2458.2,77.8,49.9,,1213.5,1117,8316,1983,4996.9,1336.1,1990
Florida,12937926,160990,1379,6781,,53928,98902,978944,280832,591210,106902,1244.3,10.7,52.4,,416.8,764.4,7566.5,2170.6,4569.6,826.3,1990
Georgia,6478216,48996,767,3472,,17067,27690,389165,104905,240623,43637,756.3,11.8,53.6,,263.5,427.4,6007.3,1619.4,3714.3,673.6,1990
Hawaii,1108229,3113,44,360,,1013,1696,64563,13611,46735,4217,280.9,4,32.5,,91.4,153,5825.8,1228.2,4217.1,380.5,1990
Idaho,1006749,2776,27,275,,151,2323,38069,8187,28216,1666,275.7,2.7,27.3,,15,230.7,3781.4,813.2,2802.7,165.5,1990
Illinois,11430602,110575,1182,4505,,45038,59850,567841,121506,372862,73473,967.4,10.3,39.4,,394,523.6,4967.7,1063,3262,642.8,1990
Indiana,5544159,26275,344,2103,,5619,18209,233376,52297,156741,24338,473.9,6.2,37.9,,101.3,328.4,4209.4,943.3,2827.1,439,1990
Iowa,2776755,8321,54,510,,1089,6668,105550,22448,78384,4718,299.7,1.9,18.4,,39.2,240.1,3801.2,808.4,2822.9,169.9,1990
Kansas,2477574,11093,98,1002,,2914,7079,117571,28901,80361,8309,447.7,4,40.4,,117.6,285.7,4745.4,1166.5,3243.5,335.4,1990
Kentucky,3685296,14386,264,1068,,2545,10509,107208,28264,71594,7350,390.4,7.2,29,,69.1,285.2,2909.1,766.9,1942.7,199.4,1990
Louisiana,4219973,37914,724,1781,,11387,24022,235822,60677,149752,25393,898.4,17.2,42.2,,269.8,569.2,5588.2,1437.9,3548.6,601.7,1990
Maine,1227928,1759,30,242,,308,1179,43647,10106,31372,2169,143.2,2.4,19.7,,25.1,96,3554.5,823,2554.9,176.6,1990
Maryland,4781468,43940,552,2185,,17394,23809,234842,53549,147407,33886,919,11.5,45.7,,363.8,497.9,4911.5,1119.9,3082.9,708.7,1990
Massachusetts,6016425,44300,243,2030,,13062,28965,274442,66942,151933,55567,736.3,4,33.7,,217.1,481.4,4561.5,1112.7,2525.3,923.6,1990
Michigan,9295297,73468,971,7209,,21752,43536,483764,106275,311153,66336,790.4,10.4,77.6,,234,468.4,5204.4,1143.3,3347.4,713.7,1990
Minnesota,4375099,13392,117,1487,,4057,7731,185185,39691,129500,15994,306.1,2.7,34,,92.7,176.7,4232.7,907.2,2959.9,365.6,1990
Mississippi,2573216,8758,313,1134,,2217,5094,90803,32196,53266,5341,340.4,12.2,44.1,,86.2,198,3528.8,1251.2,2070,207.6,1990
Missouri,5117073,36602,449,1663,,11073,23417,225422,54536,143287,27599,715.3,8.8,32.5,,216.4,457.6,4405.3,1065.8,2800.2,539.4,1990
Montana,799065,1273,39,195,,173,866,34702,5666,27098,1938,159.3,4.9,24.4,,21.7,108.4,4342.8,709.1,3391.2,242.5,1990
Nebraska,1578385,5209,43,473,,807,3886,61290,11424,47054,2812,330,2.7,30,,51.1,246.2,3883.1,723.8,2981.1,178.2,1990
Nevada,1201833,7222,116,748,,2864,3494,65652,16434,42097,7121,600.9,9.7,62.2,,238.3,290.7,5462.7,1367.4,3502.7,592.5,1990
New Hampshire,1109252,1459,21,386,,302,750,38976,8158,28111,2707,131.5,1.9,34.8,,27.2,67.6,3513.7,735.5,2534.2,244,1990
New Jersey,7730188,50057,432,2307,,23269,24049,371023,78628,219767,72628,647.6,5.6,29.8,,301,311.1,4799.7,1017.2,2843,939.5,1990
New Mexico,1515069,11821,139,753,,1744,9185,89448,26343,58004,5101,780.2,9.2,49.7,,115.1,606.2,5903.9,1738.7,3828.5,336.7,1990
New York,17990455,212458,2605,5368,,112380,92105,932416,208813,536012,187591,1180.9,14.5,29.8,,624.7,512,5182.8,1160.7,2979.4,1042.7,1990
North Carolina,6628637,41332,711,2272,,10082,28267,322306,101444,202059,18803,623.5,10.7,34.3,,152.1,426.4,4862.3,1530.4,3048.3,283.7,1990
North Dakota,638800,472,5,114,,50,303,18196,2725,14621,850,73.9,0.8,17.8,,7.8,47.4,2848.5,426.6,2288.8,133.1,1990
Ohio,10847115,54904,663,5075,,20451,28715,470469,106575,310673,53221,506.2,6.1,46.8,,188.5,264.7,4337.3,982.5,2864.1,490.6,1990
Oklahoma,3145585,17222,253,1479,,3836,11654,158889,45531,94432,18926,547.5,8,47,,121.9,370.5,5051.2,1447.5,3002,601.7,1990
Oregon,2842321,14405,108,1332,,4102,8863,146073,32273,100765,13035,506.8,3.8,46.9,,144.3,311.8,5139.2,1135.4,3545.2,458.6,1990
Pennsylvania,11881643,51213,801,3068,,20930,26414,361805,86624,215119,60062,431,6.7,25.8,,176.2,222.3,3045.1,729.1,1810.5,505.5,1990
Rhode Island,1003464,4334,48,248,,1224,2814,49378,12755,27046,9577,431.9,4.8,24.7,,122,280.4,4920.8,1271.1,2695.3,954.4,1990
South Carolina,3486703,34050,390,1873,,5313,26474,176729,48132,115144,13453,976.6,11.2,53.7,,152.4,759.3,5068.7,1380.4,3302.4,385.8,1990
South Dakota,696004,1133,14,239,,86,794,19116,3671,14678,767,162.8,2,34.3,,12.4,114.1,2746.5,527.4,2108.9,110.2,1990
Tennessee,4877185,32698,511,2415,,9325,20447,213648,61646,124127,27875,670.4,10.5,49.5,,191.2,419.2,4380.6,1264,2545.1,571.5,1990
Texas,16986510,129343,2389,8750,,44297,73907,1200151,314512,731224,154415,761.4,14.1,51.5,,260.8,435.1,7065.3,1851.5,4304.7,909,1990
Utah,1722850,4892,52,651,,980,3209,92620,15172,73352,4096,283.9,3,37.8,,56.9,186.3,5376,880.6,4257.6,237.7,1990
Vermont,562758,716,13,146,,66,491,23713,6119,16424,1170,127.2,2.3,25.9,,11.7,87.2,4213.7,1087.3,2918.5,207.9,1990
Virginia,6187358,21694,545,1915,,7626,11608,253063,45236,187564,20263,350.6,8.8,31,,123.3,187.6,4090,731.1,3031.4,327.5,1990
Washington,4866692,24410,238,3115,,6326,14731,278440,61460,195221,21759,501.6,4.9,64,,130,302.7,5721.3,1262.9,4011.4,447.1,1990
West Virginia,1793477,3036,102,423,,680,1831,41855,11785,27310,2760,169.3,5.7,23.6,,37.9,102.1,2333.7,657.1,1522.7,153.9,1990
Wisconsin,4891769,12948,225,1013,,5514,6196,202052,36755,144924,20373,264.7,4.6,20.7,,112.7,126.7,4130.4,751.4,2962.6,416.5,1990
Wyoming,453588,1367,22,134,,72,1139,17732,2862,14194,676,301.4,4.9,29.5,,15.9,251.1,3909.3,631,3129.3,149,1990
Alabama,4447100,21620,329,1482,,5702,14107,180539,40331,127399,12809,486.2,7.4,33.3,,128.2,317.2,4059.7,906.9,2864.8,288,2000
Alaska,626932,3554,27,497,,490,2540,23087,3899,16838,2350,566.9,4.3,79.3,,78.2,405.1,3682.5,621.9,2685.8,374.8,2000
Arizona,5130632,27281,359,1577,,7504,17841,271811,51902,176705,43204,531.7,7,30.7,,146.3,347.7,5297.8,1011.6,3444.1,842.1,2000
Arkansas,2673400,11904,168,848,,2001,8887,98115,21443,69740,6932,445.3,6.3,31.7,,74.8,332.4,3670,802.1,2608.7,259.3,2000
California,33871648,210531,2079,9785,,60249,138418,1056183,222293,651855,182035,621.6,6.1,28.9,,177.9,408.7,3118.2,656.3,1924.5,537.4,2000
Colorado,4301261,14367,134,1774,,3034,9425,156937,27133,112843,16961,334,3.1,41.2,,70.5,219.1,3648.6,630.8,2623.5,394.3,2000
Connecticut,3405565,11058,98,678,,3832,6450,99033,17436,68498,13099,324.7,2.9,19.9,,112.5,189.4,2908,512,2011.4,384.6,2000
Delaware,783600,5363,25,424,,1394,3520,29727,5216,21360,3151,684.4,3.2,54.1,,177.9,449.2,3793.6,665.6,2725.9,402.1,2000
District of Columbia,572059,8626,239,251,,3554,4582,33000,4745,21655,6600,1507.9,41.8,43.9,,621.3,801,5768.6,829.5,3785.4,1153.7,2000
Florida,15982378,129777,903,7057,,31809,90008,780377,172898,518298,89181,812,5.6,44.2,,199,563.2,4882.7,1081.8,3242.9,558,2000
Georgia,8186453,41319,651,1968,,13250,25450,347630,68488,240440,38702,504.7,8,24,,161.9,310.9,4246.4,836.6,2937,472.8,2000
Hawaii,1211537,2954,35,346,,1123,1450,60033,10665,43254,6114,243.8,2.9,28.6,,92.7,119.7,4955.1,880.3,3570.2,504.6,2000
Idaho,1293953,3267,16,384,,223,2644,37961,7330,28545,2086,252.5,1.2,29.7,,17.2,204.3,2933.7,566.5,2206,161.2,2000
Illinois,12419293,81196,898,3926,,25641,50731,445278,81850,313161,50267,653.8,7.2,31.6,,206.5,408.5,3585.4,659.1,2521.6,404.7,2000
Indiana,6080485,21230,352,1759,,6282,12837,206905,41108,144707,21090,349.1,5.8,28.9,,103.3,211.1,3402.8,676.1,2379.9,346.8,2000
Iowa,2926324,7796,46,676,,1071,6003,86834,16342,65118,5374,266.4,1.6,23.1,,36.6,205.1,2967.3,558.4,2225.2,183.6,2000
Kansas,2688418,10470,169,1022,,2048,7231,108057,21484,80077,6496,389.4,6.3,38,,76.2,269,4019.4,799.1,2978.6,241.6,2000
Kentucky,4041769,11903,193,1091,,3256,7363,107723,25308,73141,9274,294.5,4.8,27,,80.6,182.2,2665.2,626.2,1809.6,229.5,2000
Louisiana,4468976,30440,560,1497,,7532,20851,211904,46289,144345,21270,681.1,12.5,33.5,,168.5,466.6,4741.7,1035.8,3229.9,475.9,2000
Maine,1274923,1397,15,320,,247,815,32003,6775,23906,1322,109.6,1.2,25.1,,19.4,63.9,2510.2,531.4,1875.1,103.7,2000
Maryland,5296486,41663,430,1543,,13560,26130,213422,39426,145423,28573,786.6,8.1,29.1,,256,493.3,4029.5,744.4,2745.7,539.5,2000
Massachusetts,6349097,30230,125,1696,,5815,22594,161901,30600,105425,25876,476.1,2,26.7,,91.6,355.9,2550,482,1660.5,407.6,2000
Michigan,9938444,55159,669,5025,,13712,35753,353297,69790,227783,55724,555,6.7,50.6,,138,359.7,3554.9,702.2,2291.9,560.7,2000
Minnesota,4919479,13813,151,2240,,3713,7709,157798,26116,118250,13432,280.8,3.1,45.5,,75.5,156.7,3207.6,530.9,2403.7,273,2000
Mississippi,2844658,10267,255,1019,,2703,6290,103644,26918,69758,6968,360.9,9,35.8,,95,221.1,3643.5,946.3,2452.2,245,2000
Missouri,5595211,27419,347,1351,,7598,18123,225919,41685,159539,24695,490,6.2,24.1,,135.8,323.9,4037.7,745,2851.3,441.4,2000
Montana,902195,2807,20,308,,203,2276,32198,3624,26678,1896,311.1,2.2,34.1,,22.5,252.3,3568.9,437.4,2957,210.2,2000
Nebraska,1711263,5606,63,436,,1147,3960,64479,10131,49118,5230,327.6,3.7,25.5,,67,231.4,3767.9,592,2870.3,305.6,2000
Nevada,1998257,10474,129,860,,4543,4942,74823,17526,44125,13172,524.2,6.5,43,,227.3,247.3,3744.4,877.1,2208.2,659.2,2000
New Hampshire,1235786,2167,22,522,,453,1170,27901,4992,20761,2148,175.4,1.8,42.2,,36.7,94.7,2257.8,404,1680,173.8,2000
New Jersey,8414350,32298,289,1357,,13553,17099,233637,43924,155562,34151,383.8,3.4,16.1,,161.1,203.2,2776.6,522,1848.8,405.9,2000
New Mexico,1819046,13786,135,922,,2499,10230,86605,21339,57925,7341,757.9,7.4,50.7,,137.4,562.4,4761,1173.1,3184.4,403.6,2000
New York,18976457,105111,952,3530,,40539,60090,483078,87946,340901,54231,553.9,5,18.6,,213.6,316.7,2545.7,463.4,1796.4,285.8,2000
North Carolina,8049313,40051,560,2181,,12595,24715,355921,97888,232767,25266,497.6,7,27.1,,156.5,307,4421.8,1216.1,2891.8,313.9,2000
North Dakota,642200,523,4,169,,56,294,14171,2093,11092,986,81.4,0.6,26.3,,8.7,45.8,2206.6,325.9,1727.2,153.5,2000
Ohio,11353140,37935,418,4271,,15610,17636,420939,88636,293277,39026,334.1,3.7,37.6,,137.5,155.3,3707.7,780.7,2583.2,343.7,2000
Oklahoma,3450654,17177,182,1422,,2615,12958,140125,31661,96116,12348,497.8,5.3,41.2,,75.8,375.5,4060.8,917.5,2785.4,357.8,2000
Oregon,3421399,12000,70,1286,,2888,7756,153780,25618,114230,13932,350.7,2,37.6,,84.4,226.7,4494.7,748.8,3338.7,407.2,2000
Pennsylvania,12281054,51584,602,3247,,18155,29580,316274,54080,225869,36325,420,4.9,26.4,,147.8,240.9,2575.3,440.4,1839.2,295.8,2000
Rhode Island,1048319,3121,45,412,,922,1742,33323,6620,22038,4665,297.7,4.3,39.3,,88,166.2,3178.7,631.5,2102.2,445,2000
South Carolina,4012012,33225,291,1660,,6220,25054,181290,40319,125385,15586,828.1,7.3,41.4,,155,624.5,4518.7,969.3,3125.2,388.5,2000
South Dakota,754844,1259,7,305,,131,816,16252,2896,12558,798,166.8,0.9,40.4,,17.4,108.1,2153,383.7,1663.7,105.7,2000
Tennessee,5689283,40233,410,2186,,9465,28172,237985,56344,154111,27530,707.2,7.2,38.4,,166.4,495.2,4183,990.4,2708.8,483.9,2000
Texas,20851820,113653,1238,7856,,30257,74302,919658,188975,637522,93161,545.1,5.9,37.7,,145.1,356.3,4410.4,906.3,3057.4,446.8,2000
Utah,2233169,5711,43,863,,1242,3563,94247,14348,73438,6461,255.7,1.9,38.6,,55.6,159.5,4220.3,642.5,3288.5,289.3,2000
Vermont,608827,691,9,140,,117,425,17494,3501,13184,809,113.5,1.5,23,,19.2,69.8,2873.4,575,2165.5,132.9,2000
Virginia,7078515,19943,401,1616,,6295,11631,194405,30434,146158,17813,281.7,5.7,22.8,,88.9,164.3,2746.4,429.9,2064.8,251.6,2000
Washington,5894121,21788,196,2737,,5812,13043,279144,53476,190650,35018,369.7,3.3,46.4,,98.6,221.3,4736,907.3,3234.6,594.1,2000
West Virginia,1808344,5723,46,331,,749,4597,41344,9890,28139,3315,316.5,2.5,18.3,,41.4,254.2,2286.3,546.9,1556.1,183.3,2000
Wisconsin,5363675,12700,169,1165,,4537,6829,159424,25183,119605,14636,236.8,3.2,21.7,,84.6,127.3,2972.3,469.5,2229.9,272.9,2000
Wyoming,493782,1316,12,160,,70,1074,14969,2078,12318,573,266.5,2.4,32.4,,14.2,217.5,3031.5,420.8,2494.6,116,2000
Alabama,4785401,18363,275,1355,,4864,11869,168828,42484,115564,10780,383.7,5.7,28.3,,101.6,248,3528,887.8,2414.9,225.3,2010
Alaska,714146,4537,31,533,,594,3379,20259,3105,15535,1619,635.3,4.3,74.6,,83.2,473.2,2836.8,434.8,2175.3,226.7,2010
Arizona,6413158,26528,408,2191,,6953,16976,226802,50932,154137,21733,413.6,6.4,34.2,,108.4,264.7,3536.5,794.2,2403.4,338.9,2010
Arkansas,2921588,14711,134,1321,,2369,10887,103820,32463,65796,5561,503.5,4.6,45.2,,81.1,372.6,3553.5,1111.1,2252.1,190.3,2010
California,37338198,164133,1809,8331,,58116,95877,981939,228857,600558,152524,439.6,4.8,22.3,,155.6,256.8,2629.9,612.9,1608.4,408.5,2010
Colorado,5047692,16339,129,2230,,3164,10816,135001,26196,97534,11271,323.7,2.6,44.2,,62.7,214.3,2674.5,519,1932.2,223.3,2010
Connecticut,3575498,10083,133,595,,3553,5802,78259,15145,56413,6701,282,3.7,16.6,,99.4,162.3,2188.8,423.6,1577.8,187.4,2010
Delaware,899792,5608,51,326,,1839,3392,31078,7550,21593,1935,623.3,5.7,36.2,,204.4,377,3453.9,839.1,2399.8,215,2010
District of Columbia,604912,8026,132,187,,4325,3382,28802,4233,19514,5055,1326.8,21.8,30.9,,715,559.1,4761.4,699.8,3225.9,835.7,2010
Florida,18838613,101969,987,5373,,26086,69523,669035,169119,458454,41462,541.3,5.2,28.5,,138.5,369,3551.4,897.7,2433.6,220.1,2010
Georgia,9712157,39068,555,2107,,12372,24034,353449,96947,226161,30341,402.3,5.7,21.7,,127.4,247.5,3639.2,998.2,2328.6,312.4,2010
Hawaii,1363359,3603,25,377,,1065,2136,45667,8706,31681,5280,264.3,1.8,27.7,,78.1,156.7,3349.6,638.6,2323.7,387.3,2010
Idaho,1571102,3464,22,533,,213,2696,31436,6513,23594,1329,220.5,1.4,33.9,,13.6,171.6,2000.9,414.5,1501.7,84.6,2010
Illinois,12841980,57132,704,3066,,20386,32976,349064,77472,242681,28911,444.9,5.5,23.9,,158.7,256.8,2718.1,603.3,1889.7,225.1,2010
Indiana,6490622,20983,268,1760,,6559,12396,199274,48570,137204,13500,323.3,4.1,27.1,,101.1,191,3070.2,748.3,2113.9,208,2010
Iowa,3050202,8191,38,883,,1012,6258,68740,16746,48194,3800,268.5,1.2,28.9,,33.2,205.2,2253.6,549,1580,124.6,2010
Kansas,2859143,10602,97,1146,,1538,7821,89109,19315,63774,6020,370.8,3.4,40.1,,53.8,273.5,3116.6,675.6,2230.5,210.6,2010
Kentucky,4347223,10604,188,1438,,3748,5230,111170,30443,74488,6239,243.9,4.3,33.1,,86.2,120.3,2557.3,700.3,1713.5,143.5,2010
Louisiana,4545343,25241,500,1230,,5297,18214,165667,45437,110260,9970,555.3,11,27.1,,116.5,400.7,3644.8,999.6,2425.8,219.3,2010
Maine,1327379,1621,24,389,,412,796,32900,7364,24547,989,122.1,1.8,29.3,,31,60,2478.6,554.8,1849.3,74.5,2010
Maryland,5785681,31607,426,1228,,11054,18899,173309,36704,118578,18027,546.3,7.4,21.2,,191.1,326.7,2995.5,634.4,2049.5,311.6,2010
Massachusetts,6555466,30737,214,1784,,6897,21842,154496,37903,105124,11469,468.9,3.3,27.2,,105.2,333.2,2356.8,578.2,1603.6,175,2010
Michigan,9877143,48693,580,4733,,11522,31858,271501,74345,169748,27408,493,5.9,47.9,,116.7,322.5,2748.8,752.7,1718.6,277.5,2010
Minnesota,5310658,12515,96,1798,,3388,7233,136431,24415,103429,8587,235.7,1.8,33.9,,63.8,136.2,2569,459.7,1947.6,161.7,2010
Mississippi,2970072,7999,204,931,,2777,4087,88596,30453,52784,5359,269.3,6.9,31.3,,93.5,137.6,2983,1025.3,1777.2,180.4,2010
Missouri,5995715,27440,420,1445,,6185,19390,200858,44197,140526,16135,457.7,7,24.1,,103.2,323.4,3350,737.1,2343.8,269.1,2010
Montana,990958,2733,25,332,,154,2222,25409,3692,20166,1551,275.8,2.5,33.5,,15.5,224.2,2564.1,372.6,2035,156.5,2010
Nebraska,1830141,5093,54,674,,1020,3345,48827,8318,36896,3613,278.3,3,36.8,,55.7,182.8,2667.9,454.5,2016,197.4,2010
Nevada,2704283,17929,158,965,,5298,11508,75004,22286,42533,10185,663,5.8,35.7,,195.9,425.5,2773.5,824.1,1572.8,376.6,2010
New Hampshire,1316807,2204,13,411,,450,1330,29230,5444,22789,997,167.4,1,31.2,,34.2,101,2219.8,413.4,1730.6,75.7,2010
New Jersey,8799593,27055,371,981,,11818,13885,183042,38732,128754,15556,307.5,4.2,11.1,,134.3,157.8,2080.1,440.2,1463.2,176.8,2010
New Mexico,2065913,12147,140,959,,1616,9432,70776,21023,44503,5250,588,6.8,46.4,,78.2,456.6,3425.9,1017.6,2154.2,254.1,2010
New York,19395206,76492,868,2797,,28630,44197,379710,65839,293232,20639,394.4,4.5,14.4,,147.6,227.9,1957.8,339.5,1511.9,106.4,2010
North Carolina,9560234,34679,474,2002,,9620,22583,329202,102826,208057,18319,362.7,5,20.9,,100.6,236.2,3443.5,1075.6,2176.3,191.6,2010
North Dakota,674629,1548,10,245,,90,1203,12010,2000,9137,873,229.5,1.5,36.3,,13.3,178.3,1780.2,296.5,1354.4,129.4,2010
Ohio,11537968,36306,479,3730,,16486,15611,376836,107125,248581,21130,314.7,4.2,32.3,,142.9,135.3,3266.1,928.5,2154.5,183.1,2010
Oklahoma,3760184,18100,195,1469,,3345,13091,129464,37848,81303,10313,481.4,5.2,39.1,,89,348.1,3443,1006.5,2162.2,274.3,2010
Oregon,3838332,9648,96,1239,,2421,5892,116657,20035,87494,9128,251.4,2.5,32.3,,63.1,153.5,3039.3,522,2279.5,237.8,2010
Pennsylvania,12717722,46612,653,3472,,16375,26112,276366,55206,204440,16720,366.5,5.1,27.3,,128.8,205.3,2173.1,434.1,1607.5,131.5,2010
Rhode Island,1052528,2709,29,298,,782,1600,26959,6124,18432,2403,257.4,2.8,28.3,,74.3,152,2561.4,581.8,1751.2,228.3,2010
South Carolina,4637106,27923,265,1551,,5017,21090,181098,46261,121544,13293,602.2,5.7,33.4,,108.2,454.8,3905.4,997.6,2621.1,286.7,2010
South Dakota,816598,2196,23,385,,154,1634,15188,3192,11196,800,268.9,2.8,47.1,,18.9,200.1,1859.9,390.9,1371.1,98,2010
Tennessee,6357436,38909,359,2173,,8361,28016,232855,64293,153729,14833,612,5.6,34.2,,131.5,440.7,3662.7,1011.3,2418.1,233.3,2010
Texas,25253466,113231,1249,7622,,32843,71517,951246,228597,654626,68023,448.4,4.9,30.2,,130.1,283.2,3766.8,905.2,2592.2,269.4,2010
Utah,2775479,5925,53,983,,1269,3620,88316,15095,67242,5979,213.5,1.9,35.4,,45.7,130.4,3182,543.9,2422.7,215.4,2010
Vermont,625909,820,7,141,,76,596,14160,3348,10373,439,131,1.1,22.5,,12.1,95.2,2262.3,534.9,1657.3,70.1,2010
Virginia,8023953,17184,376,1580,,5678,9550,187403,30804,145990,10609,214.2,4.7,19.7,,70.8,119,2335.5,383.9,1819.4,132.2,2010
Washington,6742950,21138,154,2579,,5929,12476,249426,55192,168490,25744,313.5,2.3,38.2,,87.9,185,3699.1,818.5,2498.8,381.8,2010
West Virginia,1854368,5586,58,362,,776,4390,41301,10778,28104,2419,301.2,3.1,19.5,,41.8,236.7,2227.2,581.2,1515.6,130.4,2010
Wisconsin,5691659,14167,155,1191,,4516,8305,142781,26636,107993,8152,248.9,2.7,20.9,,79.3,145.9,2508.6,468,1897.4,143.2,2010
Wyoming,564554,1117,8,162,,77,870,13869,2151,11126,592,197.9,1.4,28.7,,13.6,154.1,2456.6,381,1970.8,104.9,2010